,store,sido,gungu,address
0,강남역,서울 강남구 역삼동 619-28,서울,강남구
1,개포1호,서울 강남구 개포동 1229-18,서울,강남구
2,개포2호,서울 강남구 개포동 158-4,서울,강남구
3,논현1호(서울),서울 강남구 논현동 164-16,서울,강남구
4,대치1호,서울 강남구 대치동936,서울,강남구
5,대치2호,서울 강남구 대치동 989-4,서울,강남구
6,도곡,서울 강남구 도곡동 416-4,서울,강남구
7,삼성1호,서울 강남구 삼성동 44-18,서울,강남구
8,세곡,서울 강남구 자곡동 611,서울,강남구
9,압구정신사,서울 강남구 신사동 640-5 대성빌딩 1층 1호,서울,강남구
10,역삼1호,서울 강남구 역삼동 837-15,서울,강남구
11,일원1동,서울 강남구 일원동 645,서울,강남구
12,일원본동,서울 강남구 수서동 747 삼성아파트 상가 104호,서울,강남구
13,청담역,서울 강남구 청담동 65 진흥아파트상가,서울,강남구
14,강일,서울 강동구 강일동 679-3 리슈빌오피스텔,서울,강동구
15,고덕1호(서울),서울 강동구 고덕동 650-1,서울,강동구
16,길1호,서울 강동구 길동 347-31,서울,강동구
17,길동역,서울 강동구 길동 388-3,서울,강동구
18,둔촌1호,서울 강동구 둔촌동 454-5,서울,강동구
19,명일1호,서울 강동구 명일동 328-2,서울,강동구
20,상일,서울 강동구 고덕동 200-3,서울,강동구
21,상일2호,서울 강동구 구천면로 640,서울,강동구
22,성내,서울 강동구 성내2동 509-7 1층,서울,강동구
23,암사1호,서울 강동구 암사동 504-37,서울,강동구
24,암사2호,서울 강동구 암사동 451-18,서울,강동구
25,천호1호,서울 강동구 천호동 571,서울,강동구
26,덕성여대,서울 강북구 우이동 72-133,서울,강북구
27,미아1호,서울 강북구 미아동 561-2 현대성우아파트 상가 104호,서울,강북구
28,미아사거리,서울 강북구 미아동 55-5,서울,강북구
29,미아역,서울 강북구 미아동 131-8,서울,강북구
30,번동,서울 강북구 번동 169-1,서울,강북구
31,수유1호,서울 강북구 수유동 385-2,서울,강북구
32,수유2호,서울 강북구 수유동 57-2,서울,강북구
33,수유역점,서울 강북구 번동 461-127,서울,강북구
34,가양,서울 강서구 등촌동 75-1,서울,강서구
35,강서구청,서울 강서구 화곡동 986-16,서울,강서구
36,까치산역,서울 강서구 화곡동 343-62 라인씨티 1층,서울,강서구
37,등촌,서울 강서구 등촌동 649-14,서울,강서구
38,마곡1호,서울 강서구 강서로 마곡동 784-11 마곡오드카운티1차 111호,서울,강서구
39,마곡역,서울 강서구 마곡동 774-1,서울,강서구
40,발산,서울 강서구 내발산동 648-15,서울,강서구
41,방화1호,서울 강서구 방화동 571-1,서울,강서구
42,방화2호,서울 강서구 방화2동 580-27,서울,강서구
43,염창,서울 강서구 염창동 249-5,서울,강서구
44,화곡2호,서울 강서구 화곡동 400-45,서울,강서구
45,봉천1호,서울 관악구 봉천동 861-7,서울,관악구
46,봉천2호,서울 관악구 봉천동 1674-20,서울,관악구
47,봉천3호,서울 관악구 봉천동 1632-9,서울,관악구
48,봉천4호,서울 관악구 봉천동 931-12,서울,관악구
49,신림1호,서울 관악구 신림동 518-56,서울,관악구
50,신림2호,서울 관악구 신림동 1680-15,서울,관악구
51,신림3호,서울 관악구 신림동 241-66,서울,관악구
52,신림4호,서울 관악구 신림동 706-6,서울,관악구
53,건대,서울 광진구 화양동 9-18,서울,광진구
54,광장,서울 광진구 광장동 530-13,서울,광진구
55,구의역,서울 광진구 구의동 257-70,서울,광진구
56,자양1호,서울 광진구 자양3동 584-28,서울,광진구
57,자양2호,서울 광진구 자양동 624-42,서울,광진구
58,중곡1호,서울 광진구 중곡동 243-1,서울,광진구
59,중곡2호,서울 광진구 중곡동 24-2,서울,광진구
60,개봉1호,서울 구로구 개봉동 403-159,서울,구로구
61,고척1호,서울 구로구 개봉1동 126-4,서울,구로구
62,구로2호,서울 구로구 구로동 74-30,서울,구로구
63,구로디지털,서울 구로구 구로동 826-1,서울,구로구
64,남구로,서울 구로구 구로동 704-38,서울,구로구
65,동양미래대학,서울 구로구 고척동 343,서울,구로구
66,신도림1호,서울 구로구 신도림동 648 신도림6차대림아파트 상가 902동 111호,서울,구로구
67,오류1호,서울 구로구 오류1동 10-3,서울,구로구
68,천왕역,서울 구로구 오류동 203-1 1층,서울,구로구
69,항동,서울특별시 구로구 연동로 233 102호,서울특별시,구로구
70,가산디지털,서울 금천구 가산동 371-6 가산비지니스센터 2층,서울,금천구
71,독산1호,서울 금천구 독산동 961-10,서울,금천구
72,독산2동,서울 금천구 독산동 1059-4,서울,금천구
73,시흥1호,서울 금천구 시흥2동 264-17,서울,금천구
74,시흥2호,서울 금천구 시흥1동 905-5,서울,금천구
75,공릉1호,서울 노원구 공릉동 338-6,서울,노원구
76,공릉2호,서울 노원구 공릉동 461-1,서울,노원구
77,공릉3호,서울 노원구 공릉동 568-27,서울,노원구
78,상계4단지,서울 노원구 상계동 749-5,서울,노원구
79,상계보람,서울 노원구 상계동 456-70,서울,노원구
80,상계역,서울 노원구 중계동 137-39,서울,노원구
81,석계역,서울 노원구 월계1동 73-13,서울,노원구
82,수락산역,서울 노원구 상계동 1118,서울,노원구
83,인덕대,서울 노원구 월계동 951 월계센트럴아이파크 상가동 101호,서울,노원구
84,중계1호,서울 노원구 중계1동 360-9,서울,노원구
85,중계역,서울 노원구 중계동 503,서울,노원구
86,하계1호,서울 노원구 하계1동 251 청구상가 201동 101호,서울,노원구
87,도봉동,서울 도봉구 도봉2동 623-163,서울,도봉구
88,방학,서울 도봉구 방학동 659-32,서울,도봉구
89,쌍문1호,서울 도봉구 방학동 263-56,서울,도봉구
90,쌍문역,서울 도봉구 쌍문3동 88-127,서울,도봉구
91,창3동,서울 도봉구 창동 568-2,서울,도봉구
92,창동,서울 도봉구 창동 296-37,서울,도봉구
93,경희대,서울 동대문구 회기동 42-16,서울,동대문구
94,답십리1호,서울 동대문구 답십리동 53-50,서울,동대문구
95,서울시립대,서울 동대문구 전농동 295-5,서울,동대문구
96,신이문,서울 동대문구 이문동 255-222,서울,동대문구
97,안암,서울 동대문구 제기동 142-8,서울,동대문구
98,용두,서울 동대문구 왕산로28길 55,서울,동대문구
99,장안1호,서울 동대문구 전농동 1-171,서울,동대문구
100,장안2호,서울 동대문구  장안동 375-3,서울,동대문구
101,청량리역,서울 동대문구 청량리동 50-14,서울,동대문구
102,노량진,서울 동작구 노량진동 37-1,서울,동작구
103,사당1호,서울 동작구 사당3동 155-2 1F,서울,동작구
104,사당3호,서울 동작구 사당동 220-119,서울,동작구
105,상도,서울 동작구 상도동 535 상도2차 두산위브트레지움아파트 상가,서울,동작구
106,상도터널,서울 동작구 상도동 159-26,서울,동작구
107,숭실대,서울 동작구 상도동 489-9,서울,동작구
108,신대방,서울 동작구 신대방동 607-28,서울,동작구
109,신대방삼거리,서울 동작구 대방동 407-46,서울,동작구
110,흑석1호,서울 동작구 흑석동 180-6,서울,동작구
111,도화(서울),서울 마포구 도화동 55,서울,마포구
112,망원2동,서울 마포구 망원동 482-9,서울,마포구
113,상암,서울 마포구 상암동 34-45,서울,마포구
114,성산2동,서울 마포구 성산동 592,서울,마포구
115,신공덕,서울 마포구 신공덕동 159(신공덕 래미안상가 1동109호),서울,마포구
116,신수,서울 마포구 신수동 451번지 세양청마루아파트 상가 101호,서울,마포구
117,아현,서울 마포구 아현동 774 마포래미안 푸르지오 101동 상가 114호,서울,마포구
118,연남,서울 마포구 연남동 369-20,서울,마포구
119,용강(서울),서울 마포구 대흥동 500-10,서울,마포구
120,홍대,서울 마포구 서교동 371-3,서울,마포구
121,독립문,서울 서대문구 냉천동 226,서울,서대문구
122,명지대,서울 서대문구 남가좌동 344-7,서울,서대문구
123,북가좌1호,서울 서대문구 북가좌동 385-8,서울,서대문구
124,북아현1호,서울 서대문구 북아현동 1006,서울,서대문구
125,신촌,서울 서대문구 창천동 41-14,서울,서대문구
126,연희1호(서울),서울 서대문구 연희3동 344-26,서울,서대문구
127,홍은1호,서울 서대문구 홍제동 279-52,서울,서대문구
128,홍은사거리,서울 서대문구 홍제동 326-20,서울,서대문구
129,반포1호,서울 서초구 반포동 94-7,서울,서초구
130,반포삼호가든,서울 서초구 반포동 53-7,서울,서초구
131,방배1호,서울 서초구 방배동 761-8,서울,서초구
132,방배2호,서울 서초구 방배동 912-8,서울,서초구
133,서초1호,서울 서초구 서초동 1357-56,서울,서초구
134,서초2호,서울 서초구 서초동 1669-15,서울,서초구
135,서초3호,서울 서초구 서초동 1579-5,서울,서초구
136,양재1호,서울 서초구 양재동 327-2,서울,서초구
137,우면,서울 서초구 우면동 720,서울,서초구
138,잠원1호,서울 서초구 잠원동 15-4,서울,서초구
139,금호역,서울 성동구 금호동4가 1380,서울,성동구
140,성수1호,서울 성동구 성수동2가 235-1,서울,성동구
141,성수역,서울 성동구 성수동2가 289-251,서울,성동구
142,왕십리1호,서울 성동구 하왕십리동 946-15,서울,성동구
143,왕십리도선,서울 성동구 홍익동 131-1,서울,성동구
144,용답,서울 성동구 용답동 60-18,서울,성동구
145,응봉,서울 성동구 응봉동 100,서울,성동구
146,한양대,서울 성동구 행당동 3-29,서울,성동구
147,길음뉴타운,서울 성북구 길음동 1284-17,서울,성북구
148,동덕여대,서울 성북구 하월곡동 17-1,서울,성북구
149,동소문,서울 성북구 동선동5가 147-13,서울,성북구
150,보문,서울 성북구 보문동7가 99,서울,성북구
151,석관장위,서울 성북구 장위동 50-46,서울,성북구
152,정릉1호,서울 성북구 정릉동 285-11,서울,성북구
153,정릉2호,서울 성북구 정릉동 175-24,서울,성북구
154,종암,서울 성북구 종암동 3-544,서울,성북구
155,한성대,서울 성북구 동소문동3가 31,서울,성북구
156,가락2호,서울 송파구 가락동 75-7,서울,송파구
157,거여가락1호,서울 송파구 가락동 180-9,서울,송파구
158,마천1호,서울 송파구 거여동 32-6,서울,송파구
159,문정법조,서울 송파구 문정동 620 송파푸르지오시티 B09호,서울,송파구
160,방이2호,서울 송파구 방이동 59-1,서울,송파구
161,방이역,서울 송파구 오금동 41-23 성암빌딩 1층,서울,송파구
162,석촌,서울 송파구 석촌동 163-1,서울,송파구
163,송파1호,서울 송파구 송파동 147,서울,송파구
164,올림픽공원,서울 송파구 풍납동 401-4,서울,송파구
165,위례송파,서울 송파구 장지동 897,서울,송파구
166,잠실1호,서울 송파구 잠실동 177-3,서울,송파구
167,잠실2호,서울 송파구 신천동 11-4,서울,송파구
168,장지,서울 송파구 문정동 102-1,서울,송파구
169,헬리오시티,서울 송파구 가락동 913 헬리오시티 상가 3A동 01호,서울,송파구
170,목3동,서울 양천구 목동 722-8 호성빌딩,서울,양천구
171,목동1호,서울 양천구 목동 797-3,서울,양천구
172,목동2호,서울 양천구 목동 909-8 이화프라자 1층 101호,서울,양천구
173,목동오거리,서울 양천구 목동 940 현대아이파크상가 102,서울,양천구
174,목동파크자이,서울 양천구 신정동 171-68,서울,양천구
175,신월1호,서울 양천구 신월동 602-8,서울,양천구
176,신월2호,서울 양천구 신월7동 972-6,서울,양천구
177,신월사거리,서울 양천구 신월동 166-5,서울,양천구
178,신정1호,서울 양천구 신정동 1022-5,서울,양천구
179,신트리,서울 양천구 신정동 1267 목동뉴프라자,서울,양천구
180,오목교,서울 양천구 신정동 1296 아이파크 상가 1층,서울,양천구
181,화곡1호,서울 양천구 신월동 23-17,서울,양천구
182,당산,서울 영등포구 영등포동8가 35-1,서울,영등포구
183,대림2호,서울 영등포구 대림동 783-1,서울,영등포구
184,문래,서울 영등포구 문래동3가 77-34,서울,영등포구
185,선유도역,서울 영등포구 양평동4가 147-3,서울,영등포구
186,신길1호,서울 영등포구 신길동 296-14,서울,영등포구
187,신길2호,서울 영등포구 신길7동 674,서울,영등포구
188,신풍역,서울 영등포구 신길동 445-2,서울,영등포구
189,여의도,서울 영등포구 여의도동 44-31,서울,영등포구
190,영등포1호,서울 영등포구 신길동 232-42,서울,영등포구
191,영등포역,서울 영등포구 영등포동3가 21-10,서울,영등포구
192,동부이촌,서울 용산구 이촌1동 301-153 오성상가 103,서울,용산구
193,보광,서울 용산구 보광동 217-13,서울,용산구
194,숙대,서울 용산구 청파동2가 90-11,서울,용산구
195,신용산역,서울 용산구 한강로2가 122-5,서울,용산구
196,용문,서울 용산구 용문동 28-26,서울,용산구
197,후암,서울 용산구 후암동 244-59,서울,용산구
198,구산역,서울 은평구 갈현동 464-14,서울,은평구
199,녹번,서울 은평구 녹번동 82-47,서울,은평구
200,대조,서울특별시 은평구 대조동 231,서울특별시,은평구
201,불광1동,서울 은평구 불광동 554-1 라비앙프라자1층 101호,서울,은평구
202,신사1동,서울 은평구 신사동 29-13,서울,은평구
203,역촌1호,서울 은평구 역촌동 55-1,서울,은평구
204,연신내,서울 은평구 불광동 484-72,서울,은평구
205,은평뉴타운,서울 은평구 진관동 22 은평뉴타운상가 914-103호,서울,은평구
206,응암1동,서울 은평구 응암동 236-33,서울,은평구
207,응암오거리,서울 은평구 응암동 595-51,서울,은평구
208,증산(서울),서울 은평구 증산동 209-18,서울,은평구
209,대학로,서울 종로구 명륜동4가 113-1,서울,종로구
210,숭인,서울 종로구 숭인2동 183-13,서울,종로구
211,안국,서울 종로구 화동 138-7,서울,종로구
212,종로1호,서울 종로구 관철동 13-13,서울,종로구
213,평창,서울 종로구 평창동 158-1,서울,종로구
214,동대문1호,서울 중구 창신동 464-6,서울,중구
215,서울시청,서울 중구 태평로2가 55,서울,중구
216,신당1호,서울 중구 신당동 846,서울,중구
217,약수,서울 중구 신당동 374-14,서울,중구
218,망우본동,서울 중랑구 망우동 251-2,서울,중랑구
219,면목1호,서울 중랑구 면목동 103-6,서울,중랑구
220,면목2호,서울 중랑구 면목2동 191-126,서울,중랑구
221,묵동,서울 중랑구 묵동 175-2,서울,중랑구
222,사가정역,서울 중랑구 면목동 496-14,서울,중랑구
223,상봉1호,서울 중랑구 상봉동 91-1,서울,중랑구
224,신내1호,서울 중랑구 신내동 797,서울,중랑구
225,중화,서울 중랑구 중화동 304-34,서울,중랑구
226,국제신도시,부산 강서구 명지동 3412-6,부산,강서구
227,명지법원네오,부산 강서구 명지동 3432-1 2동 102호,부산,강서구
228,명지신도시,부산 강서구 명지동 3256-5,부산,강서구
229,신호,부산 강서구 신호동 317-15,부산,강서구
230,지사,부산 강서구 지사동 1191-5,부산,강서구
231,구서1호,부산 금정구 구서2동 1024-1,부산,금정구
232,구서역,부산 금정구 구서동 457-23,부산,금정구
233,남산1호,부산 금정구 남산동 99-6,부산,금정구
234,부곡1호,부산 금정구 부곡동 23-15,부산,금정구
235,부곡2호,부산 금정구 부곡1동 324-20,부산,금정구
236,부산대,부산 금정구 금강로 장전동 418-13,부산,금정구
237,서동1호,부산 금정구 서동 210-6,부산,금정구
238,장전1호,부산 금정구 장전동 134-19,부산,금정구
239,기장,부산 기장군 기장읍 동부리 134-2,부산,기장군
240,일광신도시,부산 기장군 일광면 삼성리 833-4,부산,기장군
241,정관1호,부산 기장군 정관읍 매학리 751-1,부산,기장군
242,정관2호,부산 기장군 모전리 747-7,부산,기장군
243,대연1호,부산 남구 대연동 1013-8,부산,남구
244,대연2호,부산 남구 대연동 52-7,부산,남구
245,대연3호,부산 남구 대연동 1161-9,부산,남구
246,메트로시티1호,부산 남구 용호동 176-30,부산,남구
247,못골,부산 남구 대연동 1543-33,부산,남구
248,문현1호,부산 남구 문현동 359-5,부산,남구
249,문현2호,부산 남구 문현1동 127-56,부산,남구
250,용호1호,부산 남구 용호동 555-19,부산,남구
251,용호2호,부산 남구 동명로 126,부산,남구
252,용호2호,부산 남구 용호동 396-1,부산,남구
253,범일1호,부산 동구 범일동 833-2,부산,동구
254,수정1호,부산 동구 수정동 844-25,부산,동구
255,초량,부산 동구 초량동 132-1,부산,동구
256,명륜(부산),부산 동래구 명륜1동 673-9,부산,동래구
257,명장1호,부산 동래구 명장동 26-24번지 국제아파트 상가 106호,부산,동래구
258,복천,부산 동래구 복천동 476-1,부산,동래구
259,사직1호(부산),부산 동래구 사직동 137-26,부산,동래구
260,사직2호,부산 동래구 사직동 89-16,부산,동래구
261,수안,부산 동래구 수안동 192-4,부산,동래구
262,안락2호,부산 동래구 안락동 670-13,부산,동래구
263,온천1호,부산 동래구 온천동 210-46,부산,동래구
264,온천2호,부산 동래구 온천동 1411-47,부산,동래구
265,우방신세계,부산 동래구 안락동 471-41,부산,동래구
266,가야,부산 부산진구 가야동 478,부산,부산진구
267,개금1호,부산 부산진구 개금동 2-1,부산,부산진구
268,개금2호,부산 부산진구 개금동 523-17,부산,부산진구
269,당감,부산 부산진구 당감동 367-2,부산,부산진구
270,범천,부산 부산진구 범천동 1278-11,부산,부산진구
271,부암1호,부산 부산진구 부암동 301-33,부산,부산진구
272,서면,부산 부산진구 부전동 266-24,부산,부산진구
273,양정,부산 부산진구 양정동 310-6,부산,부산진구
274,연지,부산 부산진구 연지동 40-12,부산,부산진구
275,전포1호,부산 부산진구 전포동 337-20,부산,부산진구
276,초읍대공원,부산 부산진구 초읍동 288-6,부산,부산진구
277,구포1호,부산 북구 구포3동 1228-1,부산,북구
278,구포2호,부산 북구 구포동 932-35,부산,북구
279,금곡(부산),부산 북구 금곡동 57-6,부산,북구
280,덕천2호,부산 북구 덕천3동 781-2,부산,북구
281,덕천역,부산 북구 덕천동 402-12,부산,북구
282,만덕1호,부산 북구 만덕동 294,부산,북구
283,만덕2호,부산 북구 만덕3동 915-6,부산,북구
284,화명1호,부산 북구 화명동 749,부산,북구
285,화명3호,부산 북구 화명동 182-5(2층),부산,북구
286,화명신도시,부산 북구 화명동 2266-1,부산,북구
287,괘법,부산 사상구 괘법동 516-1,부산,사상구
288,덕포,부산 사상구 덕포동 767-10,부산,사상구
289,동서대,부산 사상구 주례동 55-176,부산,사상구
290,모라,부산 사상구 모라동 1349-4,부산,사상구
291,신주례,부산 사상구 주례2동 3-17,부산,사상구
292,엄궁,부산 사상구 엄궁동 40-94,부산,사상구
293,학장,부산 사상구 학장동 산149-16,부산,사상구
294,괴정1호,부산 사하구 괴정동 487-24,부산,사하구
295,다대1호,부산 사하구 다대동 926-7,부산,사하구
296,다대2호,부산 사하구 다대동 1014,부산,사하구
297,당리괴정2호,부산 사하구 괴정동 577-42,부산,사하구
298,신평1호,부산 사하구 신평동 262-20,부산,사하구
299,장림,부산 사하구 장림동 590,부산,사하구
300,하단1호,부산 사하구 하단2동 506-15,부산,사하구
301,하단2호,부산 사하구 하단동 605-42,부산,사하구
302,국제신도시,부산 강서구 명지동 3412-6,부산,강서구
303,남부민,부산 서구 충무동2가 3-1,부산,서구
304,대신,부산 서구 서대신동1가 163-1,부산,서구
305,명지법원네오,부산 강서구 명지동 3432-1 2동 102호,부산,강서구
306,명지신도시,부산 강서구 명지동 3256-5,부산,강서구
307,송도감천,"부산 서구 암남동 64-2 상가동 108호,109호(암남동)",부산,서구
308,신호,부산 강서구 신호동 317-15,부산,강서구
309,아미부민,부산 서구 부민동1가 11-3,부산,서구
310,지사,부산 강서구 지사동 1191-5,부산,강서구
311,광안1호,부산 수영구 광안동 120-13,부산,수영구
312,광안2호,부산 수영구 광안동 168-3,부산,수영구
313,망미1호,부산 수영구 망미동 413-11,부산,수영구
314,민락(부산),부산 수영구 민락동 165-15,부산,수영구
315,수영,부산 수영구 수영동 503-23,부산,수영구
316,거제법조,부산 연제구 거제동 891-14,부산,연제구
317,시청(부산),부산 연제구 거제3동 34-19,부산,연제구
318,연산1호,부산 연제구 연산동 479-9,부산,연제구
319,연산2호,부산 연제구 연산4동 578-1 삼익아파트 상가 101호,부산,연제구
320,연산3호,부산 연제구 연산동 2133-48,부산,연제구
321,대교남항,부산 영도구 남항동1가 82,부산,영도구
322,동삼,부산 영도구 동삼동 219-146,부산,영도구
323,봉래영선,"부산 영도구 영선동1가 69-2, 69-3",부산,영도구
324,청학,부산 영도구  청학동 13-14,부산,영도구
325,남포부평,부산 중구 중앙동1가 23-6,부산,중구
326,영주대청,부산 중구 대청동4가 82-13,부산,중구
327,마린시티,부산 해운대구 우동 1434-2,부산,해운대구
328,반송(부산),부산 해운대구 반송2동 216-150,부산,해운대구
329,반여1호,부산 해운대구 반여동 1628-5,부산,해운대구
330,센텀파크,부산 해운대구 센텀동로 102 117호,부산,해운대구
331,송정(부산),부산 해운대구 송정동 227-7,부산,해운대구
332,우동1호,부산 해운대구 우동 1090-13,부산,해운대구
333,재송1호,부산 해운대구 반여동 1291-1019,부산,해운대구
334,재송2호,부산 해운대구 재송동 1083-10,부산,해운대구
335,좌동1호,부산 해운대구 좌동 970,부산,해운대구
336,좌동2호,부산 해운대구 좌동 1341-8,부산,해운대구
337,좌동3호,부산 해운대구 좌동 1484-1,부산,해운대구
338,해운대역,부산 해운대구 우동 639-4,부산,해운대구
339,계명,대구시 남구 양지로 107,대구시,남구
340,대명1호,대구 남구 대명동 1098-4,대구,남구
341,봉덕,대구 남구 봉덕동 687-32,대구,남구
342,앞산,대구 남구 대명동 336-11,대구,남구
343,이천대봉,대구 남구 이천동 184-9,대구,남구
344,감삼성당,대구 달서구 감삼동 317-3,대구,달서구
345,대곡,대구 달서구 도원동 1442-2 1층 107호,대구,달서구
346,대곡2지구,대구 달서구 대곡동 1068,대구,달서구
347,두류,대구 달서구 두류동 620-12,대구,달서구
348,상인,대구 달서구 상인동 1555-1,대구,달서구
349,성서,대구 달서구 신당동 1761-5,대구,달서구
350,송현(대구),대구 달서구 송현1동 207-2,대구,달서구
351,신월성,대구 달서구 월성동 1264번지 트럼프스타 B/D 106호,대구,달서구
352,용산,대구 달서구 용산동 950-1,대구,달서구
353,용산새방,대구 달서구 용산동 499-2,대구,달서구
354,월성,대구 달서구 본동 1135-4,대구,달서구
355,장기,대구 달서구 장기동 826-6,대구,달서구
356,진천(대구),대구 달서구 진천동 504,대구,달서구
357,호산파호,대구 달서구 호산동 357-116,대구,달서구
358,구지,대구 달성군 구지면 응암리 1204-2,대구,달성군
359,논공,대구 달성군 논공읍 북리 803-148,대구,달성군
360,다사,대구 달성군 다사읍 죽곡리 809-1,대구,달성군
361,명곡,대구 달성군 화원읍 명곡리 320-1,대구,달성군
362,서재세천,대구 달성군 다사읍 서재리 423-15,대구,달성군
363,옥포(대구),대구 달성군 옥포읍 교항리 2911,대구,달성군
364,테크노폴리스,대구 달성군 유가면 봉리 606 하이젠스타 115호,대구,달성군
365,화원,대구 달성군 화원읍 천내리 241-1,대구,달성군
366,대구혁신,대구 동구 각산동 1098-5 102호,대구,동구
367,동구청,대구 동구 신암동 345-3,대구,동구
368,동촌,대구 동구 검사동 1111,대구,동구
369,동호,대구 동구 동호동 384-7,대구,동구
370,방촌,대구 동구 방촌동 1118-121,대구,동구
371,신천1호(대구),대구 동구 신천동 501-5,대구,동구
372,신천2호,대구 동구 신청동 377-12,대구,동구
373,율하(대구),대구 동구 율하동 1311번지 102호,대구,동구
374,이시아,대구 동구 봉무동 1543,대구,동구
375,지묘,대구 동구 지묘동 808-3,대구,동구
376,지저불로,대구 동구 지저동 833-15,대구,동구
377,관음,대구 북구 관음동 1383-9,대구,북구
378,구암,대구 북구 태전동 1074-6,대구,북구
379,금호지구,대구 북구 사수동 912,대구,북구
380,도남지구,대구 북구 국우동 592-1,대구,북구
381,동서변,대구 북구 동변동 669-4,대구,북구
382,동천3지구,대구 북구 동천동 906-3,대구,북구
383,복현1호,대구 북구 복현동 426-5,대구,북구
384,복현2호,대구 북구 복현동 539 -110 복현서한타운 상가 103호,대구,북구
385,산격,대구 북구 산격동 1400-20,대구,북구
386,신암대현,대구 북구 대현동 153-4,대구,북구
387,연경,대구 북구 연경동 949-1,대구,북구
388,원대노원,대구 북구 노원동3가 892-1,대구,북구
389,읍내(대구),대구 북구 읍내동 1449 202동 103호,대구,북구
390,칠성고성,대구 북구 칠성동2가 42-9,대구,북구
391,침산,대구 북구 침산동 457-31,대구,북구
392,태전(대구),대구 북구 태전동 155-35,대구,북구
393,팔달매천,대구 북구 매천동 682,대구,북구
394,학정,대구 북구 학정동 282-14,대구,북구
395,감삼성당,대구 달서구 감삼동 317-3,대구,달서구
396,내당,대구 서구 내당동 219-7,대구,서구
397,달성비산,대구 서구 비산동 440-5,대구,서구
398,대곡,대구 달서구 도원동 1442-2 1층 107호,대구,달서구
399,대곡2지구,대구 달서구 대곡동 1068,대구,달서구
400,두류,대구 달서구 두류동 620-12,대구,달서구
401,상인,대구 달서구 상인동 1555-1,대구,달서구
402,성서,대구 달서구 신당동 1761-5,대구,달서구
403,송현(대구),대구 달서구 송현1동 207-2,대구,달서구
404,신월성,대구 달서구 월성동 1264번지 트럼프스타 B/D 106호,대구,달서구
405,용산,대구 달서구 용산동 950-1,대구,달서구
406,용산새방,대구 달서구 용산동 499-2,대구,달서구
407,월성,대구 달서구 본동 1135-4,대구,달서구
408,장기,대구 달서구 장기동 826-6,대구,달서구
409,진천(대구),대구 달서구 진천동 504,대구,달서구
410,평리,대구 서구 평리동 1217-2,대구,서구
411,호산파호,대구 달서구 호산동 357-116,대구,달서구
412,만촌1호,대구 수성구 만촌동 849-2,대구,수성구
413,만촌2호,대구 수성구 만촌1동 1326-32,대구,수성구
414,범물,대구 수성구 범물동 1374-4,대구,수성구
415,범어1호,대구 수성구 범어동 203-18,대구,수성구
416,범어2호,대구 수성구 범어동 478-12,대구,수성구
417,수성(대구),대구 수성구 수성동4가 1022-11,대구,수성구
418,시지1호,대구 수성구 매호동 1328-12,대구,수성구
419,시지2호,대구 수성구 시지동 489-2,대구,수성구
420,시지3호,대구 수성구 신매동 593-4,대구,수성구
421,중동,대구 수성구 중동 258-3,대구,수성구
422,파동,대구 수성구 상동 380-2,대구,수성구
423,황금,대구 수성구 황금동 843-1,대구,수성구
424,남산,대구 중구 남산동 94-25,대구,중구
425,중앙(대구),대구 중구 남일동 33-9,대구,중구
426,강화,인천 강화군 강화읍 갑곳리 199-1,인천,강화군
427,계산1호,인천 계양구 계산동 1081-10,인천,계양구
428,계산2호,인천 계양구 계산동 61-2,인천,계양구
429,계산3호,인천 계양구 계산동 942-30,인천,계양구
430,임학박촌,인천 계양구 박촌동 52-3,인천,계양구
431,작전1호,인천 계양구 작전동 149-1,인천,계양구
432,효성1호,"인천 계양구 효성1동 21-11 현대아파트 상가동 101호, 102호, 103호",인천,계양구
433,효성2호,인천 계양구 효성2동 273-3,인천,계양구
434,관교,인천 남구 관교동 321-5,인천,남구
435,용현2동,인천 남구 용현동 558-32,인천,남구
436,용현5동,인천 남구 용현동 630-45,인천,남구
437,주안1호,인천 남구 주안동 1523-2,인천,남구
438,주안2호,인천 남구 도화동 432-2,인천,남구
439,주안3호,인천 남구 주안동 929-11,인천,남구
440,학익1호,인천 남구 학익동 293-37,인천,남구
441,간석1호,인천 남동구 구월동 70-80,인천,남동구
442,구월,인천 남동구 구월동 1133-13,인천,남동구
443,구월아시아드,인천 남동구 구월동 1517-2,인천,남동구
444,논현1호(인천),인천 남동구 논현동 620-8,인천,남동구
445,논현에코메트로,인천 남동구 논현동 752-1,인천,남동구
446,만수1호,인천 남동구 만수동 1045 103호,인천,남동구
447,만수2호,인천 남동구 만수동 1118-2,인천,남동구
448,만수3호,인천 남동구 간석3동 921-14,인천,남동구
449,만수역,인천 남동구 만수동 886-35,인천,남동구
450,서창,인천 남동구 서창동 706,인천,남동구
451,소래포구,인천 남동구 논현동 671-3,인천,남동구
452,간석1호,인천 남동구 구월동 70-80,인천,남동구
453,구월,인천 남동구 구월동 1133-13,인천,남동구
454,구월아시아드,인천 남동구 구월동 1517-2,인천,남동구
455,논현1호(인천),인천 남동구 논현동 620-8,인천,남동구
456,논현에코메트로,인천 남동구 논현동 752-1,인천,남동구
457,만수1호,인천 남동구 만수동 1045 103호,인천,남동구
458,만수2호,인천 남동구 만수동 1118-2,인천,남동구
459,만수3호,인천 남동구 간석3동 921-14,인천,남동구
460,만수역,인천 남동구 만수동 886-35,인천,남동구
461,서창,인천 남동구 서창동 706,인천,남동구
462,소래포구,인천 남동구 논현동 671-3,인천,남동구
463,송현(인천),인천 동구 송림동 234-1,인천,동구
464,갈산삼산지구,인천 부평구 갈산동 55-8,인천,부평구
465,부개3동,인천 부평구 부개동 12-176,인천,부평구
466,부평1호,인천 부평구 부평동 451-30,인천,부평구
467,부평2호,인천 부평구 부평동 889-8,인천,부평구
468,부평역,인천 부평구 부평동 192-14,인천,부평구
469,산곡1호,인천 부평구 산곡동 369-270,인천,부평구
470,산곡2호,인천 부평구 청천동 259-15,인천,부평구
471,산곡3호,인천 부평구 산곡2동 251-1,인천,부평구
472,삼산(부평),인천 부평구 삼산동 433-1,인천,부평구
473,십정1호,인천 부평구 십정동 440-11,인천,부평구
474,청천,인천 부평구 청천동 14-8,인천,부평구
475,가정루원시티,인천 서구 가정동 614-14,인천,서구
476,가좌,인천 서구 가좌동 30-78,인천,서구
477,검단1호,인천 서구 검단로 왕길동 637-1,인천,서구
478,검단신도시1호,인천 서구 이음5로 34,인천,서구
479,검암,인천 서구 검암동 626-2번지 태건프라자 105호,인천,서구
480,당하,인천 서구 마전동 585,인천,서구
481,불로원당,인천 서구 당하동 1033-3 조이빌 103,인천,서구
482,석남가정,인천 서구 가정동 505-4,인천,서구
483,연희1호(인천),인천 서구 심곡동 257-15,인천,서구
484,청라호수공원,인천 서구 청라동 152-15,인천,서구
485,동춘,인천 연수구 동춘동 934-1,인천,연수구
486,선학연수3호,인천 연수구 선학동 406-2,인천,연수구
487,송도1호,인천 연수구 송도동 21-59  302동 102호,인천,연수구
488,송도8공구,인천 연수구 송도동 316,인천,연수구
489,송도드림시티,인천 연수구 송도동 3-2,인천,연수구
490,송도캠퍼스타운,인천 연수구 송도동 155(송도아메리칸타운파크),인천,연수구
491,연수중앙,인천 연수구 연수동 626,인천,연수구
492,옥련,인천 연수구 옥련동 194-4,인천,연수구
493,선운지구,광주 광산구 선암동 777,광주,광산구
494,소촌우산,광주 광산구 소촌동 244-6,광주,광산구
495,송정1호,광주 광산구 도산동 1143,광주,광산구
496,수완1호,광주 광산구 장덕동 1479번지 1층,광주,광산구
497,수완2호,광주 광산구 수완동 1126,광주,광산구
498,신가,광주 광산구 신가동 974-6,광주,광산구
499,신창,광주 광산구 신창동 1236-1,광주,광산구
500,운남1호,광주 광산구 월곡2동 683-1,광주,광산구
501,첨단1호,광주 광산구 산월동 884-2,광주,광산구
502,첨단2호,광주 광산구 쌍암동 655-4번지,광주,광산구
503,첨단중앙,광주 광산구 월계동 887-3,광주,광산구
504,하남1호,광주 광산구 산정동 977-13,광주,광산구
505,하남2지구,광주 광산구 산정동 1039,광주,광산구
506,노대효천,광주 남구 노대동 819,광주,남구
507,백운,광주 남구 서동 71-15,광주,남구
508,봉선1호,광주 남구 주월1동 1253-4,광주,남구
509,봉선2호,광주 남구 봉선동 164-1,광주,남구
510,주월,광주 남구 월산동 1034-17,광주,남구
511,진월,광주 남구 진월동 426-1,광주,남구
512,계림,광주 동구 대인동 319-6,광주,동구
513,조선대,광주 동구 지산동 500번지,광주,동구
514,학동,광주 동구 학동 735-16,광주,동구
515,두암1호,광주 북구 두암2동 826-50,광주,북구
516,매곡,광주 북구 매곡동 334-5,광주,북구
517,문흥1호,광주 북구 문흥동 980-15,광주,북구
518,양산1호,광주 북구 양산동 877-1 1층,광주,북구
519,연제,광주 북구 연제동 41-3,광주,북구
520,오치,광주 북구 오치동 785-4,광주,북구
521,운암1호,광주 북구 운암3동 1051-5,광주,북구
522,운암2호(광주),광주 북구 운암동 운암동 130-1,광주,북구
523,일곡1호,광주 북구 일곡동 834-11,광주,북구
524,전남대,광주 북구 용봉동 157-20,광주,북구
525,첨단신용,광주 북구 신용동 693,광주,북구
526,금호,광주 서구 쌍촌동 881번지,광주,서구
527,농성1호,광주 서구 화정동 178-128,광주,서구
528,동천(광주),광주 서구 동천동 598,광주,서구
529,마재,"광주 서구 금호동 813 대주파크빌상가 124동 114호, 115호",광주,서구
530,상무1호,광주 서구 치평동 1258,광주,서구
531,쌍촌1호,광주 서구 쌍촌동 147,광주,서구
532,풍암1호,광주 서구 풍암동 1111-2,광주,서구
533,화정1호(광주),광주 서구 화정동 824-16,광주,서구
534,화정2호,"광주 서구 농성동 666-1 1층 113,114호",광주,서구
535,법동,대전 대덕구 중리동 385-26,대전,대덕구
536,송촌1호,대전 대덕구 송촌동 454-4,대전,대덕구
537,신탄진,대전 대덕구 석봉동 309-1,대전,대덕구
538,한남대,대전 대덕구 한남로 오정동 223-260,대전,대덕구
539,가오천동,대전 동구 가오동 235-12,대전,동구
540,낭월,대전 동구 낭월동 370,대전,동구
541,비래,대전 동구 가양동 88-1 조일아파트상가 A동,대전,동구
542,용운,대전 동구 용운동 306-3,대전,동구
543,자양대동,대전 동구 대동 192-1,대전,동구
544,가장내동,대전 서구 가장동 50-45,대전,서구
545,갈마1호,대전 서구 갈마동 394-29,대전,서구
546,관저느리울,대전 서구 관저동 1354,대전,서구
547,도마1호,대전 서구 도마동 114-19,대전,서구
548,도안2지구,대전 서구 가수원동 1036,대전,서구
549,둔산1호,대전 서구 둔산2동 1093,대전,서구
550,둔산2호,대전 서구 둔산동 1851,대전,서구
551,만년,대전 서구 만년동 316,대전,서구
552,복수,대전 서구 복수동 622,대전,서구
553,월평1호,대전 서구 월평동 525,대전,서구
554,탄방,대전 서구 탄방동 1007,대전,서구
555,관저1호,대전 유성구 원내동 829 외 1필지,대전,유성구
556,관평,대전 유성구 관평동 1056,대전,유성구
557,노은1지구,대전 유성구 노은동 553-9 스타돔 120호,대전,유성구
558,노은2지구,대전 유성구 지족동 985-2,대전,유성구
559,도안1지구,대전 유성구 상대동 469-9,대전,유성구
560,송강,대전 유성구 봉산동 198-13,대전,유성구
561,신성,대전 유성구 신성동 137-15,대전,유성구
562,유성,대전 유성구 봉명동 621-1,대전,유성구
563,전민,대전 유성구 문지동 635-8,대전,유성구
564,한밭대,대전 유성구 덕명동 592-6,대전,유성구
565,대사부사,대전 중구 대사동 69-53,대전,중구
566,대흥,대전 중구 대흥동 204-3,대전,중구
567,문화1호,대전 중구 문화동 466-16,대전,중구
568,용두오류,대전 중구 오류동 153-27,대전,중구
569,중촌목동,대전 중구 중촌동 12-5,대전,중구
570,태평1호,대전 중구 유천동 326-13,대전,중구
571,공업탑,울산  남구 신정동 1224-9,울산,
572,달동,울산 남구 달동 135-2,울산,남구
573,무거1호,울산 남구 무거동 1484-2,울산,남구
574,삼산(울산),울산 남구 달동 1266-9,울산,남구
575,삼산2호,울산 남구 삼산동 203-15,울산,남구
576,수암,울산 남구 야음동 692-6,울산,남구
577,신정3동(구 신정3호점),울산 남구 신정3동 177-1,울산,남구
578,야음1호,울산 남구 야음동 715-3,울산,남구
579,야음2호,울산 남구 야음1동 455-8,울산,남구
580,옥동(울산),울산 남구 옥동 584-11,울산,남구
581,울대,울산 남구 무거동 623-6,울산,남구
582,남목서부,울산 동구 서부동 113-33,울산,동구
583,방어,울산 동구 방어동 1087-9,울산,동구
584,전하,울산 동구 전하2동 634-4,울산,동구
585,화정,울산 동구 일산동 581-36,울산,동구
586,강동산하,울산 북구 산하동 89,울산,북구
587,송정지구,울산 북구 송정동 407,울산,북구
588,양정염포,울산 북구 양정동 497-11,울산,북구
589,진장명촌,울산 북구 명촌동 692-3,울산,북구
590,호계1호(울산),울산 북구 호계동 286-15,울산,북구
591,호계2호,울산 북구 신천동 107-4,울산,북구
592,화봉,울산 북구 연암동 414-3,울산,북구
593,교동(울산),울산 울주군 삼남면 교동리 1578-1,울산,울주군
594,구영,울산 울주군 범서읍 구영리 801-6,울산,울주군
595,남창,울산 울주군 온양읍 대안리 179-10,울산,울주군
596,덕신,울산 울주군 덕신리 1294-2,울산,울주군
597,덕하,울산 울주군 상남리 818-17,울산,울주군
598,언양,울산 울주군 언양읍 남부리 256-2,울산,울주군
599,웅촌,울산 울주군 청량면 삼정리 755-1 가동 216호,울산,울주군
600,천상,울산 울주군 범서읍 천상리 650-5,울산,울주군
601,다운,울산 중구 다운동 536-1,울산,중구
602,반구1호,울산 중구 반구동 874-3,울산,중구
603,반구2호,울산 중구 반구동 99-17,울산,중구
604,복산,울산 중구 복산동 399-12,울산,중구
605,성안,울산 중구 성안동 804-10,울산,중구
606,약사병영,울산 중구 약사동 629-17,울산,중구
607,옥교,울산 중구 학산동 3-27,울산,중구
608,우정,울산 중구 우정동 436-41,울산,중구
609,우정혁신,울산 중구 유곡동 473-8,울산,중구
610,태화,울산 중구 태화동 117-2,울산,중구
611,가평,경기 가평군 가평읍 대곡리 168-5,경기,가평군
612,청평,경기 가평군 청평면 청평리 452-5,경기,가평군
613,현리,경기 가평군 하면 현리 259-7,경기,가평군
614,고양동,경기 고양시 덕양구 고양동 176-8 104호,경기,고양시
615,삼송,경기도 고양시 덕양구 신원동 626-1 1층 상가 5~6호,경기도,고양시
616,원당,경기 고양시 덕양구 성사동 519-2,경기,고양시
617,원흥,경기 고양시 덕양구 도내동 966,경기,고양시
618,행신1호,경기 고양시 덕양구 행신동 995-2,경기,고양시
619,행신역,경기 고양시 덕양구 행신동 708-3,경기,고양시
620,향동지구,경기 고양시 덕양구 향동동 460-6,경기,고양시
621,화정1호(고양),경기 고양시 덕양구 화정동 906-5 1층 102호,경기,고양시
622,화정역,경기 고양시 덕양구 화정동 979-2,경기,고양시
623,강선,경기 고양시 일산동구 정발산동 687-5,경기,고양시
624,밤가시후곡,경기 고양시 일산동구 정발산동 1093,경기,고양시
625,백마강촌,경기 고양시 일산동구 마두동 753-3,경기,고양시
626,백송,경기 고양시 일산동구 백석동 1225 중앙프라자 103호,경기,고양시
627,식사,경기 고양시 일산동구 식사동 1531,경기,고양시
628,중산,경기 고양시 일산동구 중산동 1667-3,경기,고양시
629,풍동,경기 고양시 일산동구 풍동 1273-5,경기,고양시
630,호수,경기 고양시 일산동구 백석동 1414-15,경기,고양시
631,구일산,경기 고양시 일산서구 일산동 967-6,경기,고양시
632,대화,경기 고양시 일산서구 대화동 2126-2 (동남빌딩 101호),경기,고양시
633,주엽,경기 고양시 일산서구 주엽2동 138 애비뉴상가 1층 1068호,경기,고양시
634,킨텍스,경기 고양시 일산서구 대화동 2606,경기,고양시
635,탄현,경기 고양시 일산서구 탄현동 1562-5,경기,고양시
636,과천1호,경기 과천시 원문동 4 레미안 슈르 A상가(4번지)동 제1층 1023호,경기,과천시
637,과천역,경기 과천시 부림동 49,경기,과천시
638,광명1호,경기 광명시 광명동 158-1015,경기,광명시
639,광명역,"경기 광명시 일직동 511-5번지 대호M스퀘어 102호, 103호",경기,광명시
640,소하1호,경기 광명시 소하동 1240-1,경기,광명시
641,소하2호,경기 광명시 소하동 1342-1,경기,광명시
642,철산1호,경기 광명시 철산동 210-1,경기,광명시
643,철산2호,경기 광명시 철산동 92-1,경기,광명시
644,철산역,경기 광명시 철산동 429,경기,광명시
645,하안1호,"경기 광명시 하안동 35-5, 영보빌딩 102호",경기,광명시
646,곤지암,경기 광주시 곤지암읍 곤지암리 443-9,경기,광주시
647,광주1호,경기 광주시 경안동 154-1,경기,광주시
648,신현,경기 광주시 오포읍 신현리 371-4,경기,광주시
649,양벌,경기 광주시 오포읍 양벌리 290-3,경기,광주시
650,초월,경기 광주시 초월읍 경충대로 1255,경기,광주시
651,태전(경기광주),경기 광주시 태전동 261-14,경기,광주시
652,회덕,경기 광주시 목현동 1-2,경기,광주시
653,갈매,"경기 구리시 갈매동 608-1 101호, 102호",경기,구리시
654,수택,경기 구리시 수택동 433-49,경기,구리시
655,인창,경기 구리시 인창동 344-7,경기,구리시
656,토평,경기 구리시 토평동 999-2,경기,구리시
657,금정역,경기 군포시 산본동 236-2,경기,군포시
658,당동1호,경기 군포시 당동 917-4 103호(중앙프라자),경기,군포시
659,부곡(군포),경기 군포시 부곡동 1120-4,경기,군포시
660,산본1호,경기 군포시 산본동 1151,경기,군포시
661,산본사거리,경기 군포시 산본동 1060 산본타운 2층,경기,군포시
662,산본역,경기 군포시 산본동 1132-2,경기,군포시
663,호계3호,경기 군포시 당정동 2-3,경기,군포시
664,구래,경기 김포시 구래동 6883-1,경기,김포시
665,북변,경기 김포시 감정동 529-3,경기,김포시
666,사우,경기 김포시 사우동 998,경기,김포시
667,양곡,경기 김포시 양촌읍 양곡리 1302-2,경기,김포시
668,운양,경기 김포시 운양동 1297-6 승문리앤포레 1차 1층,경기,김포시
669,장기1호,경기 김포시 장기동 1911-4,경기,김포시
670,통진1호,경기 김포시 통진읍 서암리 758-79,경기,김포시
671,풍무,경기 김포시 풍무동 191-2,경기,김포시
672,다산신도시1호,경기 남양주시 다산동 산3006-2,경기,남양주시
673,다산신도시2호,경기 남양주시 다산동 6030-2,경기,남양주시
674,덕소1호,경기 남양주시 와부읍 덕소리 141-91,경기,남양주시
675,도농1호,경기 남양주시 다산동 608,경기,남양주시
676,마석,경기 남양주시 화도읍 마석우리 384-8,경기,남양주시
677,별내2호,경기 남양주시 별내동 846-7,경기,남양주시
678,별내역,경기 남양주시 별내동 1006-1,경기,남양주시
679,오남,경기 남양주시 오남읍 오남리 205-19,경기,남양주시
680,진건,경기 남양주시 진건읍 사능리 353-4,경기,남양주시
681,진접장현리,경기 남양주시 진접읍 장현리 672-1,경기,남양주시
682,진접지구,경기 남양주시 진접읍 금곡리 1041-1,경기,남양주시
683,창현,경기 남양주시 화도읍 창현리 731-3,경기,남양주시
684,퇴계원,경기 남양주시 퇴계원면 퇴계원리 290-14,경기,남양주시
685,평내,경기 남양주시 평내동 582-5,경기,남양주시
686,호평,경기 남양주시 호평동 656-1,경기,남양주시
687,생연,경기 동두천시 생연동 689-28,경기,동두천시
688,송내(동두천),경기 동두천시 지행동 694 예일 복합타워 114호,경기,동두천시
689,괴안,경기 부천시 소사구 괴안동 39-2,경기,부천시
690,송내(부천),경기 부천시 소사구 송내1동 366-13,경기,부천시
691,심곡1호,경기 부천시 소사구 심곡본동 678-17,경기,부천시
692,고강1호,경기 부천시 오정구 고강1동 305-4,경기,부천시
693,원종도당,경기 부천시 오정구 원종1동 281-15,경기,부천시
694,복사골,경기 부천시 원미구 중동 716-4,경기,부천시
695,상동1호,경기 부천시 원미구 상2동 546-6 110호,경기,부천시
696,상동역,경기 부천시 원미구 상동 523-3 대동프라자 1층 107호,경기,부천시
697,송내로데오,경기 부천시 원미구 상동 400-2,경기,부천시
698,신중동,경기 부천시 원미구 중동 1147-1,경기,부천시
699,역곡2동,경기 부천시 원미구 역곡동 48-5,경기,부천시
700,중동2호,경기 부천시 원미구 중4동 1033-3,경기,부천시
701,중동꿈마을,경기 부천시 원미구 심곡동 93-1,경기,부천시
702,동판교,경기 성남시 분당구 삼평동 664,경기,성남시
703,무지개마을,경기 성남시 분당구 구미동 212-2,경기,성남시
704,미금,경기 성남시 분당구 구미동 50-2,경기,성남시
705,분당효자,경기 성남시 분당구 서현동 333-1,경기,성남시
706,서판교,경기 성남시 분당구 판교동 612-3,경기,성남시
707,서현,"경기 성남시 분당구 서현동 89-7, 삼성한신근린상가",경기,성남시
708,수내1호,경기 성남시 분당구 수내동 32 양지마을청구아파트,경기,성남시
709,아름마을,"경기 성남시 분당구 야탑동 533-8, 미라보상가 1층 7호",경기,성남시
710,야탑1호,경기 성남시 분당구 야탑동 272-4,경기,성남시
711,야탑역,경기 성남시 분당구 야탑동 376-13,경기,성남시
712,정자,경기 성남시 분당구 정자동 17-5,경기,성남시
713,고등,경기 성남시 수정구 고등동 595-11,경기,성남시
714,성남위례,경기 성남시 수정구 창곡동 547-8,경기,성남시
715,수진1호,경기 성남시 수정구 수진동 88번지 102호,경기,성남시
716,신흥1호,경기 성남시 수정구 신흥동 34,경기,성남시
717,태평1동,경기 성남시 수정구 태평동 6147-2,경기,성남시
718,금광1호,경기 성남시 중원구 금광동 2706,경기,성남시
719,모란역,경기 성남시 중원구 성남동 3249,경기,성남시
720,은행1호(성남),경기 성남시 중원구 은행동 663-3,경기,성남시
721,곡반정,경기 수원시 권선구 곡반정동 584-4,경기,수원시
722,권선1호,경기 수원시 권선구 권선동 1260-5,경기,수원시
723,금곡1호,경기 수원시 권선구 금곡동 1088-1,경기,수원시
724,매교,경기 수원시 권선구 세류동 97-5,경기,수원시
725,오목고색,경기 수원시 권선구 오목천동 314-20,경기,수원시
726,탑동(수원),경기 수원시 권선구 서둔동 240-5,경기,수원시
727,호매실,경기 수원시 권선구 금곡동 1137-3,경기,수원시
728,광교1호,경기 수원시 영통구 이의동 1332 CB 4~5호,경기,수원시
729,매탄1호,경기 수원시 영통구 매탄동 1170-4,경기,수원시
730,매탄2호,경기 수원시 영통구 매탄2동 199-69,경기,수원시
731,매탄3호,경기 수원시 영통구 매탄4동 208-21,경기,수원시
732,신동1호,경기 수원시 영통구 신동 935-3,경기,수원시
733,신영통1호,경기 수원시 영통구 망포동 381-2,경기,수원시
734,영통1호,경기 수원시 영통구 영통동 1005-1,경기,수원시
735,영통2호,경기 수원시 영통구 영통동 952-5,경기,수원시
736,연무1호,경기 수원시 장안구 연무동 249-13,경기,수원시
737,영화,경기 수원시 장안구 영화동 425-3,경기,수원시
738,율전1호,경기 수원시 장안구 율전동 298-8,경기,수원시
739,정자1호,경기 수원시 장안구 정자동 41-2,경기,수원시
740,정자2호,"경기 수원시 장안구 천천동 502-6, 1층",경기,수원시
741,조원1호,경기 수원시 장안구 조원동 742-9,경기,수원시
742,파장,경기 수원시 장안구 송죽동 216-1,경기,수원시
743,수원역,경기 수원시 팔달구 고등동 86-4,경기,수원시
744,아주대,경기 수원시 팔달구 우만동 85-3 우만동R타워,경기,수원시
745,우만1호,경기 수원시 팔달구 우만동 481,경기,수원시
746,인계,경기 수원시 팔달구 인계동 1118-12,경기,수원시
747,화서1호,"경기 수원시 팔달구 화서동 703 꽃뫼양지마을(대우아파트) 상가 105, 106호",경기,수원시
748,화서2호,경기 수원시 팔달구 화서동 185-3,경기,수원시
749,거모,경기 시흥시 거모동 1757-1,경기,시흥시
750,거북섬,경기 시흥시 정왕동 2720-6,경기,시흥시
751,능곡,경기 시흥시 능곡동 545,경기,시흥시
752,매화,경기 시흥시 매화동 853-3,경기,시흥시
753,목감신도시2호,경기 시흥시 조남동 657-2,경기,시흥시
754,목감역,경기 시흥시 목감동 410-2,경기,시흥시
755,배곧신도시1호,"경기 시흥시 정왕동 2475 에이플러스 115, 116호",경기,시흥시
756,배곧신도시2호,경기 시흥시 정왕동 2536,경기,시흥시
757,신천1호(시흥),경기 시흥시 신천동 707-50,경기,시흥시
758,월곶,경기도 시흥시 월곶동 1015-1,경기도,시흥시
759,은계,경기 시흥시 은행동 645-5,경기,시흥시
760,은행1호(시흥),경기 시흥시 대야동 580-4,경기,시흥시
761,장곡,"경기 시흥시 장곡동 823-5, 동서빌딩",경기,시흥시
762,장현,경기 시흥시 장현동 516-1,경기,시흥시
763,정왕1호,경기 시흥시 정왕동 1593-2,경기,시흥시
764,정왕2호,경기 시흥시 정왕동 1859-3,경기,시흥시
765,정왕3호,경기 시흥시 정왕동 1728-12,경기,시흥시
766,고잔1호,경기 안산시 단원구 고잔동 756-1,경기,안산시
767,고잔2호,경기 안산시 단원구 와동 720-13,경기,안산시
768,선부1호,경기 안산시 단원구 선부동 1070-2,경기,안산시
769,선부2호,경기 안산시 단원구 선부동 1142-7,경기,안산시
770,원곡1호,경기 안산시 단원구 원곡동 754-6,경기,안산시
771,중앙(안산),경기 안산시 단원구 고잔동 540-7,경기,안산시
772,초지역,경기 안산시 단원구 초지동 592,경기,안산시
773,반월,경기 안산시 상록구 건건동 650-1,경기,안산시
774,본오1호,경기 안산시 상록구 본오동 879-10,경기,안산시
775,본오2호,경기 안산시 상록구 본오동 857-8,경기,안산시
776,부곡(안산),경기 안산시 상록구 부곡동 670-2,경기,안산시
777,사동1호,경기 안산시 상록구 사동 1172,경기,안산시
778,사동2호,경기 안산시 상록구 사동 1418-6,경기,안산시
779,월피,"경기 안산시 상록구 월피동 442-26, 1층",경기,안산시
780,일동,경기 안산시 상록구 일동 89-3,경기,안산시
781,공도1호,경기 안성시 공도읍 만정리 417-98,경기,안성시
782,안성1호,경기 안성시 연지동 94,경기,안성시
783,안성2호,경기 안성시 인지동 390-35,경기,안성시
784,안성중앙대,경기 안성시 대덕면 내리 678-8,경기,안성시
785,진사리,경기 안성시 공도읍 진사리 20-30,경기,안성시
786,관양,경기 안양시 동안구 관양동 1724-1,경기,안양시
787,비산1호,경기 안양시 동안구 비산동 566-7,경기,안양시
788,평촌1호,경기 안양시 동안구 평촌동 917-9,경기,안양시
789,평촌3호,경기 안양시 동안구 비산동 1059 층 A동 103호,경기,안양시
790,호계1호(안양),경기 안양시 동안구 호계2동 927-2,경기,안양시
791,박달사거리,경기 안양시 만안구 박달동 85-15,경기,안양시
792,석수1호,경기 안양시 만안구 석수1동 177-6,경기,안양시
793,안양1번가,경기 안양시 만안구 안양동 674-241,경기,안양시
794,안양1호,경기 안양시 만안구 안양동 711-317,경기,안양시
795,안양2호,경기 안양시 만안구 안양동 473-4,경기,안양시
796,고읍1호,경기 양주시 광사동 657,경기,양주시
797,다산신도시1호,경기 남양주시 다산동 산3006-2,경기,남양주시
798,다산신도시2호,경기 남양주시 다산동 6030-2,경기,남양주시
799,덕계(양주),경기 양주시 덕계동 698-5,경기,양주시
800,덕소1호,경기 남양주시 와부읍 덕소리 141-91,경기,남양주시
801,덕정1호,경기 양주시 덕정동 240-27,경기,양주시
802,도농1호,경기 남양주시 다산동 608,경기,남양주시
803,마석,경기 남양주시 화도읍 마석우리 384-8,경기,남양주시
804,백석(양주),경기 양주시 백석읍 복지리 168-3,경기,양주시
805,별내2호,경기 남양주시 별내동 846-7,경기,남양주시
806,별내역,경기 남양주시 별내동 1006-1,경기,남양주시
807,오남,경기 남양주시 오남읍 오남리 205-19,경기,남양주시
808,옥정,"경기 양주시 옥정동 966-1 (101호, 102호)",경기,양주시
809,진건,경기 남양주시 진건읍 사능리 353-4,경기,남양주시
810,진접장현리,경기 남양주시 진접읍 장현리 672-1,경기,남양주시
811,진접지구,경기 남양주시 진접읍 금곡리 1041-1,경기,남양주시
812,창현,경기 남양주시 화도읍 창현리 731-3,경기,남양주시
813,퇴계원,경기 남양주시 퇴계원면 퇴계원리 290-14,경기,남양주시
814,평내,경기 남양주시 평내동 582-5,경기,남양주시
815,호평,경기 남양주시 호평동 656-1,경기,남양주시
816,양평,경기 양평군 양평읍 양근리 183-4,경기,양평군
817,여주1호,경기 여주군 하동 405-4,경기,여주군
818,여주대,경기 여주군 여주읍 점봉리,경기,여주군
819,오학,경기 여주군 오학동 산45-7,경기,여주군
820,전곡,경기 연천군 전곡읍 전곡리 302-11,경기,연천군
821,궐동,경기 오산시 궐동 650-1,경기,오산시
822,세마수청,경기 오산시 수청동 618-1,경기,오산시
823,운암2호(오산),"경기 오산시 오산동 919-3, 102호",경기,오산시
824,원동,경기 오산시 오산동 881-7,경기,오산시
825,강남대,경기 용인시 기흥구 구갈동 594 강남피아,경기,용인시
826,구갈2지구,경기 용인시 기흥구 구갈동 353-3,경기,용인시
827,구성1호,경기 용인시 기흥구 마북동 370-9,경기,용인시
828,동백1호,경기 용인시 기흥구 동백동 614-5,경기,용인시
829,보라,경기 용인시 기흥구 보라동 581-2,경기,용인시
830,보정,경기 용인시 기흥구 보정동 1204-4,경기,용인시
831,용인서천,경기 용인시 기흥구 농서동 436-3,경기,용인시
832,흥덕,경기 용인시 기흥구 영덕동 994-3,경기,용인시
833,동천1호,경기 용인시 수지구 동천동 941-7,경기,용인시
834,상현1호,경기 용인시 수지구 상현동 3-4,경기,용인시
835,상현역,경기 용인시 수지구 상현동 1160,경기,용인시
836,성복,경기 용인시 수지구 성복동 162-3,경기,용인시
837,수지1지구,경기 용인시 수지구 풍덕천동 29-10,경기,용인시
838,수지2지구,경기 용인시 수지구 풍덕천동 697,경기,용인시
839,죽전,경기 용인시 수지구 죽전동 1151,경기,용인시
840,남사,경기 용인시 처인구 남사면 아곡리 702,경기,용인시
841,둔전,경기 용인시 처인구 포곡읍 둔전리 400-2,경기,용인시
842,양지,경기 용인시 처인구 양지리 454-2,경기,용인시
843,용인1호,경기 용인시 처인구 김량장동 293-24,경기,용인시
844,용인2호,경기 용인시 처인구 마평동 657-14,경기,용인시
845,용인모현,경기도 용인시 처인구 처인구 모현읍 왕산리 794-20,경기도,용인시
846,내손갈뫼,경기 의왕시 내손1동 755-4 명성프라자,경기,의왕시
847,백운호수,경기 의왕시 학의동 1093-4,경기,의왕시
848,오전고천,경기 의왕시 오전동 276-1,경기,의왕시
849,의왕역,경기 의왕시 장안남북로1길 7,경기,의왕시
850,인덕원,경기 의왕시 포일동 662,경기,의왕시
851,포일내손,경기 의왕시 내손동 669-4,경기,의왕시
852,금오,경기 의정부시 금오동 473-4,경기,의정부시
853,녹양,경기 의정부시 가능동 92-51,경기,의정부시
854,민락(의정부),경기 의정부시 민락동 834-3,경기,의정부시
855,민락2호,경기 의정부시 민락동 902-1,경기,의정부시
856,신곡,경기 의정부시 신곡동 484,경기,의정부시
857,신곡2호,경기 의정부시 신곡동 703-9,경기,의정부시
858,용현1호,경기 의정부시 용현동 18-15,경기,의정부시
859,의정부역,경기 의정부시 의정부동 140-3 미래프라자 1층,경기,의정부시
860,장암,경기 의정부시 신곡동 362-4,경기,의정부시
861,호원1호,경기 의정부시 호원동 466-15,경기,의정부시
862,회룡역,경기 의정부시 호원동 426,경기,의정부시
863,이천1호,경기 이천시 영창로 242,경기,이천시
864,이천관고,경기 이천시 관고동 504-6,경기,이천시
865,이천마장,경기 이천시 마장면 오천리 444-1,경기,이천시
866,이천하이닉스,경기 이천시 부발읍 아미리 678-11,경기,이천시
867,증포,경기 이천시 증포동 177-21,경기,이천시
868,가람마을,경기 파주시 와동동 1557-1,경기,파주시
869,교하신도시,경기 파주시 다율동 1001-6,경기,파주시
870,금촌1호,경기 파주시 금촌동 51-8,경기,파주시
871,금촌로데오,경기 파주시 금촌동 986-2,경기,파주시
872,문산,경기 파주시 문산읍 방촌로 1729,경기,파주시
873,봉일천,경기 파주시 조리읍 봉일천리 142-3,경기,파주시
874,산내마을,경기 파주시 목동동 937,경기,파주시
875,운정1호,경기 파주시 동패동 1758,경기,파주시
876,갈곶고현,경기 평택시 갈곶리 239-48,경기,평택시
877,고덕1호(평택),경기 평택시 고덕면 여염리 4434-2,경기,평택시
878,동삭1호,경기 평택시 동삭동 704-4,경기,평택시
879,비전1호,경기 평택시 비전동 829-1,경기,평택시
880,비전2호,경기 평택시 비전동 790-3,경기,평택시
881,세교,경기 평택시 세교동 181-8,경기,평택시
882,소사벌,"경기 평택시 비전동 1015 엘도라도 시티 104호, 105호",경기,평택시
883,송탄1호,경기 평택시 이충동 664-4,경기,평택시
884,송탄2호,경기 평택시 지산동 714-11,경기,평택시
885,안중1호,경기 평택시 안중읍 현화리 47,경기,평택시
886,청북,경기 평택시 청북읍 옥길리 1158-3,경기,평택시
887,팽성1호,경기 평택시 팽성읍 안정리 20-31,경기,평택시
888,포승1호,경기 평택시 도곡리 1142-16,경기,평택시
889,송우,경기 포천시 소흘읍 송우리 729-3 파크프라자 1층,경기,포천시
890,포천,경기 포천시 신읍동 47-10,경기,포천시
891,덕풍1호,경기 하남시 덕풍동 309-64,경기,하남시
892,미사1호,경기 하남시 망월동 1004-1,경기,하남시
893,미사역,경기도 하남시 망월동 1098-3,경기도,하남시
894,신장1호,경기 하남시 신장동 447-28,경기,하남시
895,신장2호,경기 하남시 천현동 40-13,경기,하남시
896,풍산지구,경기 하남시 덕풍동 809,경기,하남시
897,하남감일,경기 하남시 감이동 525-3,경기,하남시
898,남양1호(화성),경기 화성시 남양읍 남양리 2073-6,경기,화성시
899,동탄1능동,경기 화성시 반송동 70-4,경기,화성시
900,동탄1호,경기 화성시 반송동 42-6,경기,화성시
901,동탄2 영천,경기 화성시 영천동 701-1,경기,화성시
902,동탄2목동,경기 화성시 목동 454-5,경기,화성시
903,동탄2산척,경기 화성시 산척동 산16,경기,화성시
904,동탄2청계,경기 화성시 청계동 536,경기,화성시
905,동탄2호,경기 화성시 반송동 217-6,경기,화성시
906,동탄2호수공원,경기도 화성시 송동 709-1,경기도,화성시
907,동탄테크노밸리,경기 화성시 영천동 797-1,경기,화성시
908,발안1호,경기 화성시 향남면 행정리 426-11,경기,화성시
909,병점1호,"경기 화성시 병점동 379-10 병점프라자 109호, 110호",경기,화성시
910,병점2호,경기 화성시 진안동 914-1,경기,화성시
911,봉담1호,경기 화성시 상리 26-8,경기,화성시
912,송산그린시티,경기 화성시 새솔동,경기,화성시
913,와우리,경기 화성시 기안동 338-4,경기,화성시
914,향남2지구,경기 화성시 향남읍 하길리 1466,경기,화성시
915,화산안녕,경기 화성시 송산동 158-8,경기,화성시
916,경포,강원 강릉시 안현동 861-8,강원,강릉시
917,교동1호(강릉),강원 강릉시 교동 1840-1,강원,강릉시
918,내곡회산,강원 강릉시 내곡동 428-1,강원,강릉시
919,노암,강원 강릉시 노암동 708-1,강원,강릉시
920,성덕,강원 강릉시 입암동 498-13,강원,강릉시
921,유천,강원 강릉시 홍제동 1019-2,강원,강릉시
922,주문진,강원 강릉시 주문진읍 교항리 119-11,강원,강릉시
923,포남,강원 강릉시 포남동 1157-8,강원,강릉시
924,고성(강원),강원 고성군 간성읍 하리 18-1,강원,고성군
925,봉포,강원 고성군 토성면 봉포리 166-21,강원,고성군
926,묵호,강원 동해시 부곡동 74-5,강원,동해시
927,천곡,강원 동해시 천곡동 872,강원,동해시
928,청운,강원 동해시 쇄운동 84-5,강원,동해시
929,삼척,강원 삼척시 남양동 17-2,강원,삼척시
930,교동(속초),강원 속초시 교동 974-2,강원,속초시
931,동명,강원 속초시 동명동 1-18,강원,속초시
932,조양,강원 속초시 조양동 1520-10,강원,속초시
933,양구,강원 양구군 양구읍 상리 227-105,강원,양구군
934,양양,강원 양양군 양양읍 남문리 126-1,강원,양양군
935,하조대,강원 양양군 현북면 하광정리 361-7,강원,양양군
936,영월,강원 영월군 영월읍 하송리 178-2,강원,영월군
937,개운,강원 원주시 개운동 395-23,강원,원주시
938,늘품,강원 원주시 반곡동 1767-54,강원,원주시
939,단계,강원 원주시 단계동 838-4,강원,원주시
940,단구,강원 원주시 단구동 1631-2,강원,원주시
941,명륜(원주),강원 원주시 명륜동 539,강원,원주시
942,무실,강원 원주시 무실동 1664-3,강원,원주시
943,문막,강원 원주시 문막읍 건등리 1705-3,강원,원주시
944,우산,강원 원주시 우산동 818,강원,원주시
945,원주기업도시,강원 원주시 지정면 가곡리 1348-7,강원,원주시
946,원주봉화,강원 원주시 단계동 1173-8,강원,원주시
947,일산,강원 원주시 원동 278-7,강원,원주시
948,태장,강원 원주시 태장동 북원로 2716-1,강원,원주시
949,혁신(원주),강원 원주시 반곡동 1880-7,강원,원주시
950,흥업,강원 원주시 흥업면 흥업리 585-8,강원,원주시
951,원통,강원 인제군 북면 원통리 645-32,강원,인제군
952,인제,강원 인제군 인제읍 인제로 189,강원,인제군
953,사북고한,강원 정선군 사북읍 사북리 344-56,강원,정선군
954,계룡대,충남 계룡시 엄사면 엄사리 253-1,충남,계룡시
955,신관,충남 공주시 신관동 24-25,충남,공주시
956,옥룡,충남 공주시 옥룡동 308-1,충남,공주시
957,금산(충남),충남 금산군 금산읍 상리 47-10,충남,금산군
958,연무,충남 논산시 연무읍 안심리 76-64,충남,논산시
959,취암,충남 논산시 내동 628,충남,논산시
960,기지시,충남 당진시 반촌리 861-20,충남,당진시
961,신평,충남 당진시 신평면 거산리 13-4번지 1층,충남,당진시
962,읍내(당진),충남 당진시 읍내동 850,충남,당진시
963,채운,충남 당진시 읍내동 1541,충남,당진시
964,합덕,충남 당진시 합덕읍 운산리 266-2,충남,당진시
965,동대,충남 보령시 동대동 1766,충남,보령시
966,죽정,충남 보령시 죽정동 668-14,충남,보령시
967,부여,충남 부여군 부여읍 관북리 133-5,충남,부여군
968,대산,충남 서산시 대산읍 산리 129-5,충남,서산시
969,동문,충남 서산시 동문동 406-2,충남,서산시
970,서산테크노,충남 서산시 오사리 1666,충남,서산시
971,석림,충남 서산시 예천동 1287-5,충남,서산시
972,읍내(서산),충남 서산시 읍내동 759-13,충남,서산시
973,서천,충남 서천군 군사리 718-11,충남,서천군
974,권곡,충남 아산시 권곡동 549-26,충남,아산시
975,배미,충남 아산시 배미동 239-17,충남,아산시
976,배방1호,충남 아산시 배방읍 공수리 1639,충남,아산시
977,아산테크노,충남 아산시 둔포면 석곡리 1704,충남,아산시
978,온천,충남 아산시 온천동 1310,충남,아산시
979,용화,충남 아산시 용화동 714,충남,아산시
980,장재,충남 아산시 배방읍 장재리 1531,충남,아산시
981,탕정지중해,충남 아산시 명암리 943-1,충남,아산시
982,고창,전북 고창군 고창읍 교촌리 483,전북,고창군
983,구암조촌,전북 군산시 조촌동 2-21,전북,군산시
984,군산대,전북 군산시 미룡동 867-2,전북,군산시
985,나운1호,전북 군산시 나운동 834-7,전북,군산시
986,미원,전북 군산시 대명동 384-10,전북,군산시
987,미장수송,전북 군산시 수송동 841-5,전북,군산시
988,소룡산북,전북 군산시 소룡동 1545-5번지,전북,군산시
989,지곡,전북 군산시 지곡동 495-1,전북,군산시
990,김제,전북 김제시 신풍동 594-4번지,전북,김제시
991,남원,전북 남원시 도통동 387-12,전북,남원시
992,무주,전북 무주군 무주읍 읍내리 962,전북,무주군
993,무주구천,전북 무주군 설천면 삼공리 364-4,전북,무주군
994,변산격포,전북 부안군 변산면 격포리 260-159,전북,부안군
995,부안,전북 부안군 부안읍 봉덕리 826-1,전북,부안군
996,순창,전북 순창군 순창읍 순화리 282-6,전북,순창군
997,봉동,전북 완주군 봉동읍 둔산리 905-7,전북,완주군
998,삼례우석대,전북 완주군 삼례읍 후정리 13-8,전북,완주군
999,혁신(전북),전북 완주군 이서면 갈산리 664-10,전북,완주군
1000,동산,전북 익산시 마동 344-5,전북,익산시
1001,모현,전북 익산시 모현동1가 857,전북,익산시
1002,부송,전북 익산시 부송동 710-5,전북,익산시
1003,영등1호,전북 익산시 영등동 765-4,전북,익산시
1004,영등2호,전북 익산시 영등동 843-5,전북,익산시
1005,원광대,"전북 익산시 신동 764-4 시즈퍼스트 상가112호, 113호",전북,익산시
1006,함열,전북 익산시 함열읍 와리 610-3,전북,익산시
1007,임실,전북 임실군 임실읍 이도리 294,전북,임실군
1008,장수,전북 장수군 장수읍 장수리 443-40,전북,장수군
1009,동산조촌,전북 전주시 덕진구 반월동 230-6,전북,전주시
1010,만성,전북 전주시 덕진구 만성동 1365-6,전북,전주시
1011,솔내,전북 전주시 덕진구 송천동1가 405-1,전북,전주시
1012,송천,전북 전주시 덕진구 송천동2가 179-116,전북,전주시
1013,아중,전북 전주시 덕진구 인후동1가 834-4,전북,전주시
1014,에코시티,전북 전주시 덕진구 송천동2가 1298,전북,전주시
1015,전북대,전북 전주시 덕진구 덕진동1가 1314-201,전북,전주시
1016,하가덕진,전북 전주시 덕진구 덕진동2가 670-1,전북,전주시
1017,호성,전북 전주시 덕진구 호성동1가 757-26,전북,전주시
1018,삼천1호,전북 전주시 완산구 삼천동1가 621,전북,전주시
1019,서곡효자,전북 전주시 완산구 효자동3가 1609-16,전북,전주시
1020,서신,전북 전주시 완산구 서신동 938-5,전북,전주시
1021,신시가지,전북 전주시 완산구 효자동2가 1327-1,전북,전주시
1022,안행,전북 전주시 완산구 효자동1가 202-1,전북,전주시
1023,중앙(전주),전북 전주시 완산구 고사동 470-3,전북,전주시
1024,중화산,전북 전주시 완산구 중화산동2가 777-6,전북,전주시
1025,평화1호,전북 전주시 완산구 평화동2가 226,전북,전주시
1026,효자(전주),전북 전주시 완산구 효자동1가 652,전북,전주시
1027,효천,전북 전주시 완산구 삼천동2가 759-1,전북,전주시
1028,상동,전북 정읍시 시기동 170-4,전북,정읍시
1029,수성(정읍),전북 정읍시 수성동 954-13,전북,정읍시
1030,진안,전북 진안군 진안읍 군상리 286-1,전북,진안군
1031,강진,전남 강진군 강진읍 남성리 5-4,전남,강진군
1032,고흥,전남 고흥군 고흥읍 남계리 439-3,전남,고흥군
1033,경산,경북 경산시 옥산동 758-10(1층),경북,경산시
1034,경산오거리,경북 경산시 중방동 880-1,경북,경산시
1035,계양사동,경북 경산시 사동 48,경북,경산시
1036,영대,경북 경산시 압량면 신대리 497,경북,경산시
1037,진량,경북 경산시 진량읍 봉회리 81-3,경북,경산시
1038,하양,경북 경산시 하양읍 금락리 130-18,경북,경산시
1039,동천(경주),경북 경주시 동천동 987-44,경북,경주시
1040,성건중앙,경북 경주시 성건동 625-13,경북,경주시
1041,안강,경북 경주시 안강읍 산대리 2400-2,경북,경주시
1042,외동(경주),경북 경주시 입실리 1344-46,경북,경주시
1043,용강(경주),경북 경주시 용강동 1619,경북,경주시
1044,충효,경북 경주시 충효동 3002-1,경북,경주시
1045,황성,경북 경주시 황성동 893-3,경북,경주시
1046,고령,경북 고령군 대가야읍 지산리 3-11,경북,고령군
1047,다산,경북 고령군 다산면 상곡리 162-21,경북,고령군
1048,도량,경북 구미시 도량동 262-1,경북,구미시
1049,문성,경북 구미시 고아읍 문성리 1850,경북,구미시
1050,봉곡,경북 구미시 봉곡동 302-4,경북,구미시
1051,산동,경북 구미시 산동면 신당리 1437,경북,구미시
1052,상모,경북 구미시 상모동 42-7,경북,구미시
1053,선산,경북 구미시 선산읍 동부리 416,경북,구미시
1054,송정(구미),경북 구미시 송정동 38-5 우방타운 206동2호,경북,구미시
1055,신평공단,경북 구미시 신평동 95-4,경북,구미시
1056,옥계,경북 구미시 옥계동 843-1,경북,구미시
1057,원평,경북 구미시 원평동 84-5,경북,구미시
1058,원호,경북 구미시 고아읍 원호리 442-2,경북,구미시
1059,인동,경북 구미시 인의동 341-2,경북,구미시
1060,진평,경북 구미시 진평동 29-5,경북,구미시
1061,형곡,경북 구미시 형곡동 152-4,경북,구미시
1062,고현상동,경남 거제시 고현동 406-18,경남,거제시
1063,상문,경남 거제시 상동동 913-2,경남,거제시
1064,수양,경남 거제시 수월동 1120-14,경남,거제시
1065,아주,경남 거제시 아주동 1178-2,경남,거제시
1066,옥포(거제),경남 거제시 옥포동 160-1,경남,거제시
1067,장승포,경남 거제시 장승포동 697-2,경남,거제시
1068,장평,경남 거제시 장평동 274,경남,거제시
1069,중곡,경남 거제시 고현동 997,경남,거제시
1070,지세포,경남 거제시 일운면 지세포리 1009-7,경남,거제시
1071,거창1호,경남 거창군 거창읍 상림리 855,경남,거창군
1072,고성(경남),경남 고성군 고성읍 송학리 244-88,경남,고성군
1073,구산,경남 김해시 구산동 275-8,경남,김해시
1074,내동,경남 김해시 내동 138-1,경남,김해시
1075,대청,경남 김해시 대청동 61-1,경남,김해시
1076,부원봉황,경남 김해시 부원동 607-3,경남,김해시
1077,삼계1호,경남 김해시 삼계동 1479-4,경남,김해시
1078,삼계2호,경남 김해시 삼계동 1415-5,경남,김해시
1079,삼방,경남 김해시 삼방동 171-12,경남,김해시
1080,삼정,경남 김해시 삼정동 590-1,경남,김해시
1081,어방,경남 김해시 어방동 523-2,경남,김해시
1082,외동(김해),경남 김해시 외동 1187-12,경남,김해시
1083,율하(김해),경남 김해시 관동동 1106-5,경남,김해시
1084,율하2지구,경남 김해시 장유동 834-8,경남,김해시
1085,장유1호,경남 김해시 무계동 149-18,경남,김해시
1086,주촌,경남 김해시 주촌면 천곡리 1381-14,경남,김해시
1087,지내안동,경남 김해시 지내동 67-1,경남,김해시
1088,진영,경남 김해시 진영읍 진영리 1629-2,경남,김해시
1089,남해,경남 남해군 남해읍 서변리 160-11,경남,남해군
1090,내일동,경남 밀양시 내이동 1566-6,경남,밀양시
1091,삼문상남,경남 밀양시 삼문동 717-11,경남,밀양시
1092,동금,경남 사천시 동금동 58-4,경남,사천시
1093,벌용,경남 사천시 벌리동 255-9,경남,사천시
1094,사남,경남 사천시 사남면 월성리 64-3,경남,사천시
1095,사천,경남 사천시 사천읍 수석리 293-23,경남,사천시
1096,산청,경남 산청군 산청읍 옥산리 249,경남,산청군
1097,원지,경남 산청군 신안면 하정리 783-5,경남,산청군
1098,덕계,경남 양산시 덕계동 750,경남,양산시
1099,물금,경남 양산시 물금읍 범어리 2682-10,경남,양산시
1100,삼성,경남 양산시 북정동 885-12,경남,양산시
1101,상북,경남 양산시 상북면 석계리 242-1,경남,양산시
1102,서창1호,경남 양산시 삼호동 707-2,경남,양산시
1103,석산,경남 양산시 동면 금산리 1422-14,경남,양산시
1104,중앙(양산),경남 양산시 중부동 684-6,경남,양산시
1105,증산(양산),경남 양산시 물금읍 가촌리 1269-3,경남,양산시
1106,통도사,경남 양산시 하북면 순지리 814-5,경남,양산시
1107,평산,경남 양산시 평산동 105-4,경남,양산시
1108,의령,경남 의령군 의령읍 서동리 497-9,경남,의령군
1109,가호,경남 진주시 호탄동 611-3,경남,진주시
1110,금산(진주),경남 진주시 중천리 192-3,경남,진주시
1111,상대,경남 진주시 상대동 238-3,경남,진주시
1112,상봉중앙,경남 진주시 중안동 2-11,경남,진주시
1113,상평,경남 진주시 상평동 198-43,경남,진주시
1114,신안평거,경남 진주시 신안동 439-7,경남,진주시
1115,이현인사,경남 진주시 인사동 145-5,경남,진주시
1116,정촌,경남 진주시 정촌면 예하리 1300-14,경남,진주시
1117,초장,경남 진주시 초전동 1704-7,경남,진주시
1118,칠암망경,경남 진주시 칠암동 491-47,경남,진주시
1119,판문평거,경남 진주시 평거동 344-6,경남,진주시
1120,하대초전,경남 진주시 하대동 306-38,경남,진주시
1121,혁신(경남 진주),경남 진주시 진주시 충무공동 282-3,경남,진주시
1122,남지,경남 창녕군 남지읍 남지리 994-7,경남,창녕군
1123,창녕,경남 창녕군 창녕읍 송현리 238-1,경남,창녕군
1124,마산현동,경남 창원시 마산합포구 현동 374,경남,창원시
1125,문화중앙,경남 창원시 마산합포구 중앙동1가 1-4,경남,창원시
1126,월영,경남 창원시 마산합포구 해운동 42,경남,창원시
1127,자산교방,경남 창원시 마산합포구 자산동 301-19,경남,창원시
1128,진동,경남 창원시 마산합포구 진동면 진동리 436,경남,창원시
1129,창동산호,경남 창원시 마산합포구 산호동 338-35,경남,창원시
1130,내서삼계,경남 창원시 마산회원구 삼계리 35-14,경남,창원시
1131,석전회성,경남 창원시 마산회원구 석전동 264-56,경남,창원시
1132,양덕(창원),경남 창원시 마산회원구 양덕동 61-61,경남,창원시
1133,합성,경남 창원시 마산회원구 합성동 263-36,경남,창원시
1134,호계,경남 창원시 마산회원구 내서읍 호계리 289-45,경남,창원시
1135,회원,경남 창원시 마산회원구 회원2동 669-4,경남,창원시
1136,남양(창원),경남 창원시 성산구 가음동 7-2 더원빌딩 104호,경남,창원시
1137,대방,경남 창원시 성산구 성주동 100,경남,창원시
1138,반송(창원),경남 창원시 성산구 반지동 74-3,경남,창원시
1139,사파,경남 창원시 성산구 사파동 113-16,경남,창원시
1140,상남,경남 창원시 성산구 상남동 34-9,경남,창원시
1141,성주안민,경남 창원시 성산구 성주동 125,경남,창원시
1142,중앙(창원 성산),경남 창원시 성산구 중앙동 100-1,경남,창원시
1143,감계,경남 창원시 의창구 북면 감계리 246-4,경남,창원시
1144,도계명서,경남 창원시 의창구 도계동 396-9,경남,창원시
1145,동읍,경남 창원시 의창구 동읍 용잠리 371-2,경남,창원시
1146,무동,경남 창원시 의창구 북면 무동리 145-7,경남,창원시
1147,봉곡사림,경남 창원시 의창구 봉곡동 116-4,경남,창원시
1148,용지호수,경남 창원시 의창구 용호동 73-50,경남,창원시
1149,중동유니시티,경남 창원시 의창구 서상동 666-6,경남,창원시
1150,팔용,경남 창원시 의창구 팔용동 170-9,경남,창원시
1151,남문,경남 창원시 진해구 남문동 1246-4 (골든프라자),경남,창원시
1152,석동덕산,경남 창원시 진해구 석동 139-6,경남,창원시
1153,웅동용원,경남 창원시 진해구 용원동 1212-11,경남,창원시
1154,자은냉천,경남 창원시 진해구 자은동 135-1 (자은빌딩 103호),경남,창원시
1155,중앙(진해),경남 창원시 진해구 여좌동 925-139,경남,창원시
1156,진해신항,경남 창원시 진해구 용원동 1340,경남,창원시
1157,태평,경남 창원시 진해구 수송동 12-14,경남,창원시
1158,풍호,경남 창원시 진해구 풍호동 305-17,경남,창원시
1159,미수봉평,경남 통영시 미수동 22-1번지 운하상가 115호,경남,통영시
1160,북신무전,경남 통영시 무전동 1033-2,경남,통영시
1161,죽림,경남 통영시 광도면 죽림리 1574-57 가동 103호,경남,통영시
1162,하동,경남 하동군 하동읍 읍내리 238,경남,하동군
1163,칠원,경남 함안군 칠원읍 구성리 650-4,경남,함안군
1164,함안,경남 함안군 가야읍 말산리 58-27,경남,함안군
1165,함양,경남 함양군 함양읍 용평리 773-1,경남,함양군
1166,합천,경남 합천군 합천읍 합천리 320-3,경남,합천군
1167,대정,제주 서귀포시 대정읍 하모리 1048-4,제주,서귀포시
1168,서귀포1호,제주 서귀포시 동흥동 117-6,제주,서귀포시
1169,서귀포남원,제주 서귀포시 남원읍 남원리 50,제주,서귀포시
1170,서귀포명동,제주 서귀포시 서귀동 408-3,제주,서귀포시
1171,서귀포혁신도시,제주 서귀포시 강정동 166-10,제주,서귀포시
1172,성산일출봉,제주 서귀포시 성산읍 성산리 362-1,제주,서귀포시
1173,영어교육도시,제주 서귀포시 대정읍 보성리 2476,제주,서귀포시
1174,중문,제주 서귀포시 중문동 1965-9,제주,서귀포시
1175,표선,제주 서귀포시 표선리 633-3,제주,서귀포시
1176,건입,제주 제주시 일도2동 160-9,제주,제주시
1177,노형,제주 제주시 노형동 1055-1,제주,제주시
1178,도두해안도로,제주 제주시 도두1동 2625-4,제주,제주시
1179,삼양화북,제주 제주시 화북1동 1023-2,제주,제주시
1180,세화,제주 제주시 구좌읍 평대리 3349-8,제주,제주시
1181,시청(제주),제주 제주시 이도이동 1179-18,제주,제주시
1182,아라,제주 제주시 아라일동 6080,제주,제주시
1183,아라이도,제주 제주시 이도2동 1970-24,제주,제주시
1184,애월해안도로,제주 제주시 애월읍 고내리 1145-1,제주,제주시
1185,외도하귀,제주 제주시 하귀1리 162-4,제주,제주시
1186,용담삼도,제주 제주시 용담이동 628-24,제주,제주시
1187,일도,제주 제주시 일도이동 377-22,제주,제주시
1188,제주1호,제주 제주시  연동 272-30,제주,제주시
1189,탑동(제주),제주 제주시 삼도이동 1192-22,제주,제주시
1190,한라대,제주 제주시 노형동 716,제주,제주시
1191,한림협재,제주 제주시 한림읍 한림리 1582-8,제주,제주시
1192,함덕,제주 제주시 조천읍 함덕리 1004-41,제주,제주시
